timestamp,point_type,forecast_hour,latitude,longitude,wind_speed_kmph,pressure_hpa,classification
2026-09-19 00:00:00,historical,0,13.8,86.8,65.0,994.0,Cyclonic Storm
2026-09-19 06:00:00,historical,0,14.2,86.1,78.0,990.0,Cyclonic Storm
2026-09-19 12:00:00,historical,0,14.6,85.5,90.0,986.0,Severe Cyclonic Storm
2026-09-19 18:00:00,historical,0,14.9,85.0,105.0,982.0,Severe Cyclonic Storm
2026-09-20 00:00:00,current,0,15.2,84.7,115.0,978.0,Severe Cyclonic Storm
2026-09-20 06:00:00,forecast,6,15.8,84.2,125.0,972.0,Very Severe Cyclonic Storm
2026-09-20 12:00:00,forecast,12,16.3,83.7,135.0,968.0,Very Severe Cyclonic Storm
2026-09-21 00:00:00,forecast,24,17.1,82.9,145.0,962.0,Very Severe Cyclonic Storm
2026-09-21 12:00:00,forecast,36,18.0,82.3,120.0,974.0,Very Severe Cyclonic Storm
2026-09-22 00:00:00,forecast,48,19.1,81.9,85.0,988.0,Cyclonic Storm
